{
    "type": "crawl",
    "name": "centipede",
    "description": "Multi-segment armored centipede that crushes enemies underfoot",
    "hitSize": 16,
    "health": 2400,
    "armor": 4,
    "speed": 0.7,
    "rotateSpeed": 2.5,
    "omniMovement": false,
    "faceTarget": true,
    "drawBody": true,
    "outlineColor": "44413c",
    "itemCapacity": 0,
    
    "segments": 1,
    "segmentUnits": 4,
    "segmentSpacing": 24,
    "segmentUnit": "centipede-segment", 
    "segmentEndUnit": "centipede-tail",
    
    "segmentRotSpeed": 2.0,
    "segmentMaxRot": 45,
    "segmentRotationRange": 90,
    
    "crushDamage": 1.2,
    "crawlSlowdown": 0.6,
    "crawlSlowdownFrac": 0.4,
    "targetAir": false,
    
    "weapons": [
        {
            "x": 0,
            "y": 8,
            "name": "centipede-weapon",
            "reload": 45,
            "rotate": true,
            "mirror": false,
            "shootSound": "artillery",
            "bullet": {
                "type": "ArtilleryBulletType",
                "damage": 28,
                "speed": 3,
                "lifetime": 80,
                "width": 8,
                "height": 12,
                "splashDamage": 45,
                "splashDamageRadius": 25,
                "status": "burning",
                "statusDuration": 120,
                "fragBullets": 4,
                "fragBullet": {
                    "type": "basicBulletType",
                    "damage": 12,
                    "speed": 2,
                    "lifetime": 20,
                    "width": 4,
                    "height": 6
                }
            }
        }
    ],
    "research": {
        "parent": "centipede-fabricator"
    }
} 