{
    "type": "crawl",
    "name": "centipede-tail",
    "description": "Tail segment of the centipede",
    "hitSize": 12,
    "health": 1400,
    "armor": 2,
    "speed": 0.7,
    "rotateSpeed": 2.5,
    "omniMovement": false,
    "faceTarget": false,
    "drawBody": true,
    "outlineColor": "44413c",
    "itemCapacity": 0,
    "segments": 1,
    "crushDamage": 0.5,
    "crawlSlowdown": 0.6,
    "crawlSlowdownFrac": 0.4,
    "targetAir": false,
    "playerControllable": false,
    "allowedInPayloads": false,
    "createWreck": false,
    "weapons": [],
    "abilities": []
} 