{
  "type": "UnitFactory",
  "name": "Tank Fabricator",
  "description": "Factory for producing Tank T1 units",
  "size": 3,
  "consumes": {
    "power": 3.5
  },
  "plans": [
    {
      "unit": "tank-t1",
      "requirements": [
        {"item": "oxizirc", "amount": 40},
        {"item": "zinc", "amount": 60}
      ],
      "time": 3000
    }
  ],
  "requirements": [
    {"item": "zirconium", "amount": 200},
    {"item": "oxizirc", "amount": 75},
    {"item": "zinc", "amount": 125}
  ],
  "category": "units",
  "research": {
    "parent": "ground-factory",
    "requirements": [
      {"item": "zirconium", "amount": 1000},
      {"item": "oxizirc", "amount": 375},
      {"item": "zinc", "amount": 625}
    ]
  }
} 